PC1,PC2,Total_Nitrogen,Total_Carbon,Acidified_Nitrogen,Acidified_Carbon
-9.116943570305102,-7.968562827444014,0.080615886,1.273131728,0.068152837,1.149441838
6.805870308605891,-6.673209415023359,0.049200121,0.708034933,0.043975279,0.628249288
5.592908233305473,-4.746430637799262,0.041606579,0.747942328,0.043346796,0.712370038
0.9157601351266677,-4.427885461460611,0.103901014,1.496757269,0.098162293,1.44022572
10.555351873192862,-3.1969336646429083,0.065010197,0.935921192,0.061458621,0.878174961
-6.440081598741668,-8.248311561316559,0.05784183,0.878888488,0.051559143,0.78073144
-7.8162124386318235,-11.220494470574954,0.092958517,1.237339854,0.077620775,1.161373019
-4.9266107756508735,-7.162769425169411,0.062909104,0.929814339,0.058812991,0.86665076
-5.288948281164401,-7.59790666361425,0.111117013,1.600985885,0.100233674,1.520515442
-1.7533750088704891,-4.11625096720373,0.041178282,0.475037217,0.039642684,0.438693374
10.177014552686977,-4.6770666264885055,0.040782142,0.499953061,0.039653417,0.496055484
-2.770055957918666,-4.090494115133817,0.043945108,0.606689095,0.042646877,0.589464784
11.764487930324057,-2.870818641557907,0.043064807,0.600292027,0.039954733,0.543173671
11.982413067455497,-0.14949325341148828,0.03176773,0.441711426,0.032538708,0.41872564
-7.838057556319808,-3.2011862929550667,0.073722474,1.178629398,0.066043489,1.063772559
-3.9238348215192143,-2.6073248295135336,0.054742105,0.702450991,0.049778894,0.643217623
-10.376618157473102,-9.459518053099965,0.101006515,1.40305984,0.09492857,1.392548084
-7.318809205614505,-3.4483378757427454,0.050346289,0.814255476,0.045242164,0.706825972
-7.032592672723217,-4.399782692792323,0.177131027,3.860489607,0.164372861,3.855398655
-0.7734451795913482,-0.6411966515038154,0.03967578,0.620996654,0.041202091,0.60021323
-7.427594758060043,-3.1497358338405275,0.047932126,0.746125519,0.042489447,0.685178161
13.037943926215043,-1.3666957274115705,0.055490393,0.790753663,0.052384544,0.744552433
10.595895860283377,-3.1508733458822116,0.023196891,0.275166154,0.02537827,0.251279503
-8.402654414459672,-9.197054125806302,0.093616471,1.325979829,0.076241955,1.212569356
20.85798953819163,-5.945228124585637,0.033083558,0.379814506,0.033150215,0.373973548
-2.3387760021060413,-2.360828988997083,0.094984382,1.198932528,0.086579777,1.099220514
2.6793385675899772,-3.6629741554548136,0.044947844,0.591222346,0.040923465,0.5787974
-4.325851436360661,5.645479847030096,0.080371797,1.174402237,0.070210665,1.093566418
-2.5019125553721433,2.1511587918923105,0.063354716,0.866313517,0.053396218,0.802059889
1.5815029238083955,0.7915328412277362,0.088298894,1.140128016,0.081532747,1.108579397
-6.799260598300271,0.8048478107363402,0.101489879,1.529925227,0.096158333,1.455170274
-4.879745733888417,-2.514481841389025,0.062478054,0.963337123,0.062693313,0.932065606
18.83972402868503,-8.180428597348634,0.020939728,0.268633664,0.020557966,0.248508677
16.36813544580145,-1.9374009282371485,0.050421577,0.625509262,0.04674843,0.58582866199999994
-3.6232108193555437,-0.057622745721578314,0.084463857,1.186910272,0.074384734,1.105682135
-3.5746250576264123,-4.41755322933149,0.060614437,0.882566929,0.053241186,0.826013803
-2.1757307925278955,-4.793899997385285,0.049160659,0.58164835,0.045768388,0.546894431
7.644973042495745,-2.0262640626058683,0.062806226,0.763431668,0.061077133,0.756659746
-0.07717880756069512,-1.5876178121545643,0.057343982,0.818238974,0.048511658,0.753766
-1.968257127304743,-3.7437358361108637,0.082035564,1.05573833,0.079533152,1.028518677
0.383739450599911,-1.5082175861996796,0.056232691,0.633408368,0.056113552,0.606509149
9.033146467678602,-4.962681312714842,0.059855361,0.695631504,0.052363556,0.659559488
6.629489509636251,-2.4673331100089912,0.084719703,1.116280198,0.07644809,1.034913182
3.2455100120491167,-0.6670674617764775,0.066864699,0.925259352,0.063452378,0.861653686
16.00505690156805,-5.956772734262357,0.045052245,0.479238361,0.043494292,0.46021384
-8.857381332759948,-4.0546316339781,0.137354419,NA,0.120755747,NA
0.005572236113367904,-0.3240002938007006,0.085521355,1.18524766,0.076240189,1.156120062
-8.636456563693331,-4.147816864421133,0.097280912,1.417903662,0.094491944,1.380613208
5.9992596402025855,-1.3758331928006409,0.046496585,0.636052728,0.041788641,0.592096686
-1.9113421633248997,3.4991318463557692,0.096661992,1.184254766,0.086175561,1.157671809
-5.457150415819867,0.9459291987536765,0.112647474,1.607267022,0.08039055,1.332357526
-5.475920712056369,6.034858445431734,0.116321102,1.83483386,0.10625419,1.763892055
-3.334886223596913,7.772031496537455,0.084252588,1.228827238,0.077097654,1.227183819
-1.7049735176555785,8.538005976552778,0.151521593,2.336892366,0.141503155,2.276631117
-6.758232942727762,4.391843760675243,0.070865765,1.024729609,0.068098985,0.985402703
-5.468347889964341,10.751502397710833,0.071186975,1.009188056,0.067285433,0.971095979
-4.80030591479523,8.543248528726632,0.108797505,1.541542053,0.093847744,1.436543465
-7.999471997488183,4.199762886637079,0.115590647,1.61223197,0.104731992,1.523620129
1.2361338342179573,8.629052917947178,0.161861777,2.2331919670000002,0.157652795,2.203836203
-1.1814334829409687,6.8989305480021805,0.171139762,2.574092627,0.172553584,2.470880747
-1.9018782329835608,4.970854361425571,0.18889679,2.893061638,0.199011356,2.889453173
-1.205838664783284,5.53004219239503,NA,NA,0.250606626,NA
-6.399166796242851,4.0017055636174055,NA,NA,0.097579718,1.412020683
-4.687082465152792,2.7321560387479815,0.120528527,1.646522522,0.092609555,1.404249668
-3.509431132472722,4.213696093292655,0.125641525,1.829398394,0.134117529,1.810268641
-3.3562781223476694,3.030641272103073,NA,NA,0.095683664,1.347184539
-3.9355364632215153,0.8291418761594573,0.102908924,1.4348270890000001,0.076476924,1.202057004
-3.69939976197047,-2.095941408567054,0.100778222,1.231909513,0.08044678,1.221909513
-3.8121089125277354,0.7289661951836108,0.102578819,1.472760558,0.086458221,1.253631353
-2.7767776134320212,1.9606179934653765,0.092423655,1.347708225,0.085595079,1.269094825
1.6014048945194534,0.7274081711054123,0.117764816,1.722048521,0.074721612,1.13975811
-1.2568013582497632,1.2751866286721703,0.096006013,1.291327596,0.090704821,1.266244888
-3.4752829989862377,5.301502755550896,0.159842819,2.230710506,0.14396055,2.098879576
-7.18383961855675,1.9716209457700646,0.104126662,1.624423981,0.090806939,1.477530718
-5.815731484454446,1.2683603962415126,0.145152122,2.162661076,0.138389751,2.136912346
-2.7935424755407974,1.7844668550357845,0.118040077,1.733623147,0.110091366,1.721279502
-3.7481239389078485,2.634458760996423,0.138096094,1.981639147,0.123595394,1.804312348
-2.1168132616879216,4.9898026663877495,0.122095682,1.765562057,0.111963928,1.71018672
-1.555068512810013,4.2498813317941595,0.096947156,1.488628268,0.088898323,1.378463745
-4.036645883296325,2.1825356652139964,0.094915196,1.424246192,0.088942677,1.418931603
-2.906348925539906,7.201960806916238,0.132769451,1.839755893,0.116717704,1.64680016
-6.877380696858995,0.6691287511304186,0.104899891,1.640719175,0.095890366,1.577715755
-7.355747690338839,-0.742253617283393,NA,NA,0.183037654,NA
-5.477596056058193,-2.8288175179264834,0.055388153,0.654539883,0.054795451,0.585231841
0.7248155991519498,4.980180728541085,0.061588813,0.730902076,0.058682945,0.700902076
-5.571760179209641,-1.2303324731837921,0.082111977,1.177473426,0.084729351,1.166803956
9.298953330400446,-0.9808826247212283,0.067189135,0.871369004,0.065772682,0.818007052
4.304060888458885,1.2294566679968961,0.062362071,0.888713181,0.064589292,0.87793076
-0.8808917136905713,2.0532435218400105,0.107004814,1.514667273,0.101870224,1.457040429
-0.993673737908839,0.36567436898987776,0.12217816,1.532261252,0.09547013,1.259686112
-2.404994477670754,-2.3115153297270425,0.067012556,0.777820528,0.066294365,0.766555488
-1.0304903923312516,-1.954121425493989,0.076936819,1.096030235,0.075202979,1.030885339
-4.582808586167934,1.2029820858899833,0.059239287,0.800607383,0.059408206,0.770850301
5.877179644015547,5.298751023566702,0.121047981,1.758603454,0.118320182,1.701225996
-1.1573893925265601,0.34687158196774664,0.125406504,2.02545476,0.122022085,1.935637474
-3.7262562991766845,-2.356277020779494,0.114786394,1.669228077,0.107812099,1.6381073
-5.538789312151332,-3.807667902872359,0.098423652,1.325275064,0.082360841,1.155374289
5.268478608271725,1.2344175387944545,0.105798706,1.573908329,0.092777744,1.3948704
-1.5262035332386226,2.738342174281923,0.064329393,1.107821226,0.062165555,1.068474531
4.474363419504083,-0.39110129207802224,0.072069563,0.994910002,0.064353675,0.908115447
-1.134312176919003,-0.11448152266331177,0.076868646,1.154336572,0.078967981,1.144044719
4.465844494937297,-0.749413545571363,0.083453797,1.134978533,0.080214299,1.11120069
-3.1366606071324408,-1.2742577889414453,0.10887982,1.533131719,0.099327013,1.478347778
-9.36116894198185,-4.923115049415651,0.081956595,1.187265515,0.084747002,1.181206465
-2.2688016684340724,-1.9449150499314847,0.089773983,1.393497944,0.089024745,1.358970165
-6.819190652295859,-0.31975637954240566,NA,NA,0.089299887,1.366287231
1.237126156458273,0.8362141703504679,0.099135943,1.410761595,0.096384056,1.3912673
1.2344962302180056,-1.8098560187177783,0.11724823,1.702342033,0.107248068,1.696479321
0.04431476731054348,-2.8755226210913,0.18992877,2.443066597,0.16587612,NA
4.446135107634312,-1.473847263924155,0.083542556,1.041612864,0.075982295,1.023132682
-1.2425961446601335,-3.2264803149561025,0.075382516,0.886185467,0.071941108,0.830462277
1.2104737374598322,-3.499702103855909,0.135525361,1.752290845,0.118797153,1.73558259
5.540853880591953,-1.8970454820790776,0.107576907,1.404761791,0.096984036,1.356769681
-2.2574330441720813,-6.374700513815998,0.105610676,1.347729802,0.097682208,1.337931037
3.206289041219263,-3.157822662378069,0.123816215,1.747735739,0.112179592,NA
4.035866777770879,-2.898183841213874,NA,NA,NA,NA
-1.8148237440016999,-4.175473945887575,0.079983458,1.104146123,0.078044496,1.056340218
5.263948488041151,10.244029422533027,0.111362152,1.56537962,0.105774701,1.520758152
-1.146680359469998,6.296647493464183,0.089585364,1.244211793,0.081446305,1.194234133
1.2957143339441806,7.8157097822842,0.073828802,0.88700527,0.071086884,0.872348964
9.457632635075736,6.466512149297895,0.067318216,0.861555219,0.067538537,0.852307975
7.382169162069705,7.021948891575521,0.050606627,0.731452823,0.050177243,0.717493057
17.918771050889923,-0.04895500282013897,0.060053453,0.850965381,0.060773056,0.815972805
14.735278548006434,2.606023435901497,0.048621301,0.667009532,0.043460533,0.64078414400000006
19.23252900779385,-0.7270940576447766,0.029141448,0.39781186,0.027387846,0.35666126
13.024269550471924,6.5398809493164265,0.050469335,0.613670886,0.040731862,0.523956954
0.8852458801705041,4.133174608704286,0.113378458,1.571583271,0.106074043,1.537894249
-2.085349482342639,4.233620744978387,0.125442475,1.773758292,0.113154404,1.765477777
4.443857482545606,5.8229874699908235,0.073292241,1.067504883,0.072021194,1.010210276
8.400120757336452,13.43088956807876,0.066302307,0.876038432,0.061719049,0.854690015
-9.379851984433143,0.9683712603109036,0.068218112,0.942059159,0.062828094,0.856755078
3.7517333267291817,-1.4871554766365935,0.068588428,0.902218521,0.070244893,0.901376204
5.064386802673385,1.5643036158631933,0.066601671,1.047410846,0.060997728,0.958708227
-0.6275287113338262,-4.178803614243735,0.082045108,1.192955256,0.072419688,1.101254463
-0.9657840132041421,-1.214305659717915,0.084465317,1.335319757,0.080117017,1.23113358
-0.3061260720095243,-0.21340088647156108,0.103029937,1.568359137,0.089194551,1.481908917
-2.326495409236148,6.360843256230937,0.08025226,1.332967281,0.075608149,1.286174655
-5.885370550457643,1.5589592467610043,0.074026354,1.052165627,0.070135623,0.997084498
-1.5105066475929476,2.6107990339430684,NA,1.238771915,0.074564256,1.183217883
-5.142885705064412,1.9316356759515159,0.078903735,1.187439322,0.069725811,1.113583922
